"","provincia","cantón","parroquia","value"
"1","AZUAY","CHORDELEG","CHORDELEG",1
"2","AZUAY","CUENCA","BAÑOS",3
"3","AZUAY","CUENCA","CHAUCHA",1
"4","AZUAY","CUENCA","CUENCA",1
"5","AZUAY","CUENCA","CUMBE",1
"6","AZUAY","CUENCA","MOLLETURO",2
"7","AZUAY","CUENCA","QUINGEO",2
"8","AZUAY","CUENCA","SAN JOAQUIN",1
"9","AZUAY","CUENCA","SAYAUSI",2
"10","AZUAY","CUENCA","TARQUI",5
"11","AZUAY","CUENCA","VICTORIA DEL PORTETE",11
"12","AZUAY","GIRON","GIRON",5
"13","AZUAY","GUALACEO","ZHIDMAD",2
"14","AZUAY","NABON","COCHAPATA",4
"15","AZUAY","NABON","LAS NIEVES (CHAYA)",1
"16","AZUAY","NABON","NABON",1
"17","AZUAY","OÑA","OÑA",1
"18","AZUAY","PAUTE","CHICAN",1
"19","AZUAY","PAUTE","EL CABO",1
"20","AZUAY","PAUTE","GUARAINAG",1
"21","AZUAY","SEVILLA DE ORO","AMALUZA",2
"22","AZUAY","SEVILLA DE ORO","SEVILLA DE ORO",2
"23","AZUAY","SIGSIG","GIMA",1
"24","BOLIVAR","CALUMA","CALUMA",10
"25","BOLIVAR","CHILLANES","CHILLANES",10
"26","BOLIVAR","CHILLANES","SAN JOSE DEL TAMBO",2
"27","BOLIVAR","CHIMBO","ASUNCION (ASANCOTO)",3
"28","BOLIVAR","CHIMBO","MAGDALENA (CHAPACOTO)",8
"29","BOLIVAR","CHIMBO","SAN JOSE DE CHIMBO",4
"30","BOLIVAR","CHIMBO","SAN SEBASTIAN",1
"31","BOLIVAR","CHIMBO","TELIMBELA",12
"32","BOLIVAR","ECHEANDIA","ECHEANDIA",18
"33","BOLIVAR","GUARANDA","FACUNDO VELA",1
"34","BOLIVAR","GUARANDA","GABREIL IGNACIO VEINTIMILLA",10
"35","BOLIVAR","GUARANDA","GUANUJO",25
"36","BOLIVAR","GUARANDA","JULIO E. MORENO",1
"37","BOLIVAR","GUARANDA","SALINAS",16
"38","BOLIVAR","GUARANDA","SAN LORENZO",3
"39","BOLIVAR","GUARANDA","SAN LUIS DE PAMBIL",3
"40","BOLIVAR","GUARANDA","SAN SIMON (YACOTO)",1
"41","BOLIVAR","GUARANDA","SANTAFE (SANTA FE)",2
"42","BOLIVAR","GUARANDA","SIMIATUG",4
"43","BOLIVAR","LAS NAVES","LAS NAVES",5
"44","BOLIVAR","SAN MIGUEL","BALSAPAMBA",1
"45","BOLIVAR","SAN MIGUEL","BILOVAN",5
"46","BOLIVAR","SAN MIGUEL","REGULO DE MORA",2
"47","BOLIVAR","SAN MIGUEL","SAN MIGUEL",3
"48","BOLIVAR","SAN MIGUEL","SAN PABLO",2
"49","BOLIVAR","SAN MIGUEL","SAN VICENTE",1
"50","BOLIVAR","SAN MIGUEL","SANTIAGO",1
"51","CARCHI","BOLIVAR","BOLIVAR",7
"52","CARCHI","BOLIVAR","GARCIA MORENO",2
"53","CARCHI","BOLIVAR","LOS ANDES",2
"54","CARCHI","BOLIVAR","MONTE OLIVO",1
"55","CARCHI","ESPEJO","27 DE SEPTIEMBRE",40
"56","CARCHI","ESPEJO","EL ANGEL",5
"57","CARCHI","ESPEJO","EL GOALTAL",1
"58","CARCHI","ESPEJO","LA LIBERTAD (ALIZO)",38
"59","CARCHI","ESPEJO","SAN ISIDRO",21
"60","CARCHI","MIRA","CONCEPCION",3
"61","CARCHI","MIRA","JIJON Y CAAMAÑO",3
"62","CARCHI","MIRA","JUAN MONTALVO",3
"63","CARCHI","MIRA","MIRA (CHONTAHUASI)",3
"64","CARCHI","MONTUFAR","CHITAN DE NAVARRETE",9
"65","CARCHI","MONTUFAR","CRISTOBAL COLON",17
"66","CARCHI","MONTUFAR","FERNANDEZ SALVADOR",13
"67","CARCHI","MONTUFAR","GONZALEZ SUAREZ",18
"68","CARCHI","MONTUFAR","LA PAZ",16
"69","CARCHI","MONTUFAR","PIARTAL",1
"70","CARCHI","MONTUFAR","SAN GABRIEL",1
"71","CARCHI","MONTUFAR","SAN JOSE",6
"72","CARCHI","SAN PEDRO DE HUACA","HUACA",6
"73","CARCHI","SAN PEDRO DE HUACA","MARISCAL SUCRE",3
"74","CARCHI","TULCAN","EL CARMELO (EL PUN)",10
"75","CARCHI","TULCAN","GONZÁLEZ SUÁREZ",1
"76","CARCHI","TULCAN","JULIO ANDRADE (OREJUELA)",14
"77","CARCHI","TULCAN","PIOTER",25
"78","CARCHI","TULCAN","SANTA MARTHA DE CUBA",10
"79","CARCHI","TULCAN","TUFIÑO",9
"80","CARCHI","TULCAN","TULCAN",19
"81","CARCHI","TULCAN","URBINA (TAYA)",4
"82","CAÑAR","AZOGUES","AURELIO BAYAS MARTINEZ",3
"83","CAÑAR","AZOGUES","AZOGUES",1
"84","CAÑAR","AZOGUES","BORRERO",2
"85","CAÑAR","AZOGUES","COJITAMBO",1
"86","CAÑAR","AZOGUES","GUAPAN",5
"87","CAÑAR","AZOGUES","LUIS CORDERO",3
"88","CAÑAR","AZOGUES","PINDILIG",4
"89","CAÑAR","AZOGUES","RIVERA",1
"90","CAÑAR","AZOGUES","TADAY",1
"91","CAÑAR","BIBLIAN","BIBLIAN",9
"92","CAÑAR","BIBLIAN","JERUSALEN",2
"93","CAÑAR","BIBLIAN","NAZON",1
"94","CAÑAR","BIBLIAN","SAN FRANCISCO DE SAGEO",1
"95","CAÑAR","BIBLIAN","TURUPAMBA",2
"96","CAÑAR","CAÑAR","CAÑAR",3
"97","CAÑAR","CAÑAR","CHONTAMARCA",1
"98","CAÑAR","CAÑAR","CHOROCOPTE",4
"99","CAÑAR","CAÑAR","HONORATO VASQUEZ",3
"100","CAÑAR","CAÑAR","INGAPIRCA",7
"101","CAÑAR","CAÑAR","VENTURA",2
"102","CAÑAR","CAÑAR","ZHUD",1
"103","CAÑAR","DELEG","DELEG",5
"104","CAÑAR","EL TAMBO","EL TAMBO",5
"105","CAÑAR","LA TRONCAL","LA TRONCAL",1
"106","CAÑAR","LA TRONCAL","MANUEL J. CALLE",2
"107","CAÑAR","LA TRONCAL","PANCHO NEGRO",2
"108","CHIMBORAZO","ALAUSI","ACHUPALLAS",1
"109","CHIMBORAZO","ALAUSI","ALAUSI",3
"110","CHIMBORAZO","ALAUSI","MULTITUD",1
"111","CHIMBORAZO","ALAUSI","SIBAMBE",12
"112","CHIMBORAZO","CHAMBO","CHAMBO",48
"113","CHIMBORAZO","CHUNCHI","CAPZOL",2
"114","CHIMBORAZO","CHUNCHI","CHUNCHI",12
"115","CHIMBORAZO","CHUNCHI","LLAGOS",2
"116","CHIMBORAZO","COLTA","COLUMBE",3
"117","CHIMBORAZO","COLTA","JUAN DE VELASCO (PANGOR)",1
"118","CHIMBORAZO","CUMANDA","CUMANDA",5
"119","CHIMBORAZO","GUAMOTE","CEBADAS",6
"120","CHIMBORAZO","GUAMOTE","GUAMOTE",2
"121","CHIMBORAZO","GUANO","SAN ANDRES",8
"122","CHIMBORAZO","GUANO","SAN ISIDRO DE PATULU",4
"123","CHIMBORAZO","PALLATANGA","PALLATANGA",9
"124","CHIMBORAZO","PENIPE","EL ALTAR",2
"125","CHIMBORAZO","PENIPE","LA CANDELARIA",4
"126","CHIMBORAZO","PENIPE","MATUS",2
"127","CHIMBORAZO","PENIPE","PENIPE",2
"128","CHIMBORAZO","RIOBAMBA","CALPI",1
"129","CHIMBORAZO","RIOBAMBA","FLORES",1
"130","CHIMBORAZO","RIOBAMBA","LICTO",4
"131","CHIMBORAZO","RIOBAMBA","LICÁN",1
"132","CHIMBORAZO","RIOBAMBA","MALDONADO",1
"133","CHIMBORAZO","RIOBAMBA","PUNGALA",7
"134","CHIMBORAZO","RIOBAMBA","QUIMIAG",19
"135","CHIMBORAZO","RIOBAMBA","RIOBAMBA",2
"136","CHIMBORAZO","RIOBAMBA","SAN JUAN",5
"137","CHIMBORAZO","RIOBAMBA","SAN LUIS",2
"138","COTOPAXI","LA MANA","EL CARMEN",1
"139","COTOPAXI","LA MANA","GUASAGANDA",9
"140","COTOPAXI","LA MANA","PUCAYACU",4
"141","COTOPAXI","LATACUNGA","ALAQUES (ALAQUEZ)",2
"142","COTOPAXI","LATACUNGA","BELISARIO QUEVEDO",7
"143","COTOPAXI","LATACUNGA","ELOY ALFARO",8
"144","COTOPAXI","LATACUNGA","GUAITACAMA (GUAYTACAMA)",7
"145","COTOPAXI","LATACUNGA","IGNACIO FLORES (PARQUE FLORES)",2
"146","COTOPAXI","LATACUNGA","JOSEGUANGO BAJO",12
"147","COTOPAXI","LATACUNGA","JUAN MONTALVO",10
"148","COTOPAXI","LATACUNGA","LATACUNGA",4
"149","COTOPAXI","LATACUNGA","MULALO",48
"150","COTOPAXI","LATACUNGA","POALO",7
"151","COTOPAXI","LATACUNGA","SAN JUAN DE PASTOCALLE",21
"152","COTOPAXI","LATACUNGA","TANICUCHI",16
"153","COTOPAXI","LATACUNGA","TOACASO",17
"154","COTOPAXI","PANGUA","MORASPUNGO",6
"155","COTOPAXI","PANGUA","RAMON CAMPAÑA",4
"156","COTOPAXI","PUJILI","GUANGAJE",1
"157","COTOPAXI","PUJILI","PILALO",1
"158","COTOPAXI","PUJILI","PUJILI",7
"159","COTOPAXI","PUJILI","TINGO",1
"160","COTOPAXI","PUJILI","ZUMBAHUA",2
"161","COTOPAXI","SALCEDO","ANTONIO JOSE HOLGUIN",1
"162","COTOPAXI","SALCEDO","CUSUBAMBA",4
"163","COTOPAXI","SALCEDO","MULALILLO",1
"164","COTOPAXI","SALCEDO","PANSALEO",2
"165","COTOPAXI","SALCEDO","SAN MIGUEL",24
"166","COTOPAXI","SAQUISILI","CANCHAGUA",2
"167","COTOPAXI","SAQUISILI","CHANTILIN",1
"168","COTOPAXI","SIGCHOS","CHUGCHILAN",1
"169","COTOPAXI","SIGCHOS","LAS PAMPAS",3
"170","COTOPAXI","SIGCHOS","PALO QUEMADO",2
"171","COTOPAXI","SIGCHOS","SIGCHOS",19
"172","EL ORO","ARENILLAS","ARENILLAS",2
"173","EL ORO","ARENILLAS","PALMALES",4
"174","EL ORO","ATAHUALPA","PACCHA",4
"175","EL ORO","BALSAS","BALSAS",6
"176","EL ORO","BALSAS","BELLAMARIA",2
"177","EL ORO","CHILLA","CHILLA",3
"178","EL ORO","EL GUABO","EL GUABO",1
"179","EL ORO","EL GUABO","TENDALES",2
"180","EL ORO","LAS LAJAS","EL PARAISO",3
"181","EL ORO","LAS LAJAS","LA LIBERTAD",2
"182","EL ORO","LAS LAJAS","LA VICTORIA",2
"183","EL ORO","LAS LAJAS","SAN ISIDRO",1
"184","EL ORO","MARCABELI","EL INGENIO",2
"185","EL ORO","MARCABELI","MARCABELI",2
"186","EL ORO","PASAJE","BUENAVISTA",5
"187","EL ORO","PASAJE","CASACAY",1
"188","EL ORO","PIÑAS","LA BOCANA",3
"189","EL ORO","PIÑAS","MOROMORO",4
"190","EL ORO","PIÑAS","PIEDRAS",1
"191","EL ORO","PIÑAS","PIÑAS",3
"192","EL ORO","PIÑAS","SAN ROQUE",1
"193","EL ORO","PIÑAS","SARACAY",5
"194","EL ORO","PORTOVELO","SALATI",2
"195","EL ORO","SANTA ROSA","BELLAMARIA",5
"196","EL ORO","SANTA ROSA","BELLAVISTA",1
"197","EL ORO","SANTA ROSA","LA AVANZADA",1
"198","EL ORO","SANTA ROSA","SANTA ROSA",2
"199","EL ORO","SANTA ROSA","TORATA",1
"200","EL ORO","SANTA ROSA","VICTORIA",4
"201","EL ORO","ZARUMA","GUIZHAGUIÑA",2
"202","EL ORO","ZARUMA","HUERTAS",1
"203","EL ORO","ZARUMA","ZARUMA",1
"204","ESMERALDAS","ATACAMES","LA UNION",14
"205","ESMERALDAS","ATACAMES","SUA",2
"206","ESMERALDAS","ATACAMES","TONCHIGUE",15
"207","ESMERALDAS","ATACAMES","TONSUPA",13
"208","ESMERALDAS","ELOY ALFARO","ANCHAYACU",2
"209","ESMERALDAS","ELOY ALFARO","BORBON",7
"210","ESMERALDAS","ELOY ALFARO","ESMERALDAS NORTE",4
"211","ESMERALDAS","ELOY ALFARO","LA TOLA",5
"212","ESMERALDAS","ELOY ALFARO","SAN FRANCISCO DE ONZOLE",2
"213","ESMERALDAS","ELOY ALFARO","SANTO DOMINGO DE ONZOLE",1
"214","ESMERALDAS","ELOY ALFARO","TIMBIRE",1
"215","ESMERALDAS","ESMERALDAS","CAMARONES",2
"216","ESMERALDAS","ESMERALDAS","CHINCA",1
"217","ESMERALDAS","ESMERALDAS","CRNEL. CARLOS CONCHA TORRES",2
"218","ESMERALDAS","ESMERALDAS","ESMERALDAS",1
"219","ESMERALDAS","ESMERALDAS","MAJUA",1
"220","ESMERALDAS","ESMERALDAS","SAN MATEO",9
"221","ESMERALDAS","ESMERALDAS","TABIAZO",7
"222","ESMERALDAS","ESMERALDAS","TACHINA",2
"223","ESMERALDAS","ESMERALDAS","VUELTA LARGA",3
"224","ESMERALDAS","MUISNE","BOLIVAR",1
"225","ESMERALDAS","MUISNE","MUISNE",2
"226","ESMERALDAS","MUISNE","SALIMA",2
"227","ESMERALDAS","MUISNE","SAN FRANCISCO",1
"228","ESMERALDAS","MUISNE","SAN GREGORIO",4
"229","ESMERALDAS","MUISNE","SAN JOSE DE CHAMANGA",1
"230","ESMERALDAS","QUININDE","CHURA (CHANCAMA)",1
"231","ESMERALDAS","QUININDE","CUBE",2
"232","ESMERALDAS","QUININDE","LA UNION",11
"233","ESMERALDAS","QUININDE","MALIMPIA",18
"234","ESMERALDAS","QUININDE","ROSA ZARATE (QUININDE)",21
"235","ESMERALDAS","QUININDE","VICHE",3
"236","ESMERALDAS","RIO VERDE","CHONTADURO",5
"237","ESMERALDAS","RIO VERDE","CHUMUNDE",1
"238","ESMERALDAS","RIO VERDE","LAGARTO",13
"239","ESMERALDAS","RIO VERDE","MONTALVO",3
"240","ESMERALDAS","RIO VERDE","RIOVERDE",5
"241","ESMERALDAS","RIO VERDE","ROCAFUERTE",5
"242","ESMERALDAS","SAN LORENZO","ALTO TAMBO",2
"243","ESMERALDAS","SAN LORENZO","CALDERON",6
"244","ESMERALDAS","SAN LORENZO","CARONDELET",1
"245","ESMERALDAS","SAN LORENZO","SAN LORENZO",1
"246","ESMERALDAS","SAN LORENZO","TAMBILLO",1
"247","GUAYAS","ALFREDO BAQUERIZO MORENO","ALFREDO BAQUERIZO MORENO",2
"248","GUAYAS","ALFREDO BAQUERIZO MORENO","JUJAN",4
"249","GUAYAS","BALAO","BALAO",5
"250","GUAYAS","BALZAR","BALZAR",15
"251","GUAYAS","COLIMES","COLIMES",14
"252","GUAYAS","DAULE","DAULE",3
"253","GUAYAS","DAULE","JUAN BAUTISTA AGUIRRE (LOS TINTOS)",7
"254","GUAYAS","DAULE","LA AURORA (SATÉLITE)",1
"255","GUAYAS","DAULE","LAUREL",8
"256","GUAYAS","DAULE","LOS LOJAS (ENRIQUE BAQUERIZO MORENO)",13
"257","GUAYAS","DAULE","PADRE JUAN BAUTISTA AGUIRRE",6
"258","GUAYAS","DURAN","ELOY ALFARO (DURAN)",19
"259","GUAYAS","EL EMPALME","EL ROSARIO",1
"260","GUAYAS","EL EMPALME","VELASCO IBARRA",1
"261","GUAYAS","EL TRIUNFO","EL TRIUNFO",7
"262","GUAYAS","GNRAL. ANTONIO ELIZALDE (BUCAY)","GNRAL. ANTONIO ELIZALDE (BUCAY)",7
"263","GUAYAS","GUAYAQUIL","CHONGÓN",9
"264","GUAYAS","GUAYAQUIL","JUAN GOMEZ RENDON (PROGR",4
"265","GUAYAS","GUAYAQUIL","PASCUALES",4
"266","GUAYAS","GUAYAQUIL","POSORJA",1
"267","GUAYAS","GUAYAQUIL","TARQUI",1
"268","GUAYAS","ISIDRO AYORA","ISIDRO AYORA",3
"269","GUAYAS","LOMAS DE SARGENTILLO","LOMAS DE SARGENTILLO",2
"270","GUAYAS","MILAGRO","MILAGRO",1
"271","GUAYAS","NARANJAL","NARANJAL",1
"272","GUAYAS","NARANJAL","SANTA ROSA DE FLANDES",3
"273","GUAYAS","NARANJAL","TAURA",5
"274","GUAYAS","NOBOL","NARCISA DE JESUS",1
"275","GUAYAS","NOBOL","NOBOL",7
"276","GUAYAS","PALESTINA","PALESTINA",2
"277","GUAYAS","PEDRO CARBO","PEDRO CARBO",16
"278","GUAYAS","PEDRO CARBO","SABANILLA",4
"279","GUAYAS","PEDRO CARBO","VALLE DE LA VIRGEN",5
"280","GUAYAS","SALITRE","EL SALITRE (LAS RAMAS)",5
"281","GUAYAS","SALITRE","GENERAL VERNAZA",9
"282","GUAYAS","SALITRE","JUNQUILLAL",5
"283","GUAYAS","SALITRE","LA VICTORIA (ÑAUZA)",2
"284","GUAYAS","SAMBORONDON","TARIFA",1
"285","GUAYAS","SAN JACINTO DE YAGUACHI","VIRGEN DE FATIMA",1
"286","GUAYAS","SAN JACINTO DE YAGUACHI","YAGUACHI NUEVO",2
"287","GUAYAS","SAN JACINTO DE YAGUACHI","YAGUACHI VIEJO (CONE)",6
"288","GUAYAS","SANTA LUCIA","SANTA LUCIA",6
"289","GUAYAS","SIMON BOLIVAR","CRNEL.LORENZO DE GARAICOA",1
"290","GUAYAS","SIMON BOLIVAR","SIMON BOLIVAR",1
"291","IMBABURA","ANTONIO ANTE","ATUNTAQUI",1
"292","IMBABURA","ANTONIO ANTE","IMBAYA (SAN LUIS DE COBUENDO)",5
"293","IMBABURA","ANTONIO ANTE","SAN JOSÉ DE CHALTURA",3
"294","IMBABURA","COTACACHI","EL SAGRARIO",6
"295","IMBABURA","COTACACHI","GARCIA MORENO",8
"296","IMBABURA","COTACACHI","IMANTAG",6
"297","IMBABURA","COTACACHI","PLAZA GUTIERREZ",1
"298","IMBABURA","COTACACHI","QUIROGA",8
"299","IMBABURA","COTACACHI","SAN FRANCISCO",1
"300","IMBABURA","IBARRA","AMBUQUI",5
"301","IMBABURA","IBARRA","ANGOCHAGUA",24
"302","IMBABURA","IBARRA","CARANQUI",1
"303","IMBABURA","IBARRA","IBARRA",3
"304","IMBABURA","IBARRA","LA CAROLINA",4
"305","IMBABURA","IBARRA","LA ESPERANZA",5
"306","IMBABURA","IBARRA","LITA",4
"307","IMBABURA","IBARRA","SAGRARIO",3
"308","IMBABURA","IBARRA","SALINAS",14
"309","IMBABURA","IBARRA","SAN ANTONIO",1
"310","IMBABURA","IBARRA","SAN FRANCISCO",6
"311","IMBABURA","OTAVALO","EUGENIO ESPEJO (CALPAQUI)",1
"312","IMBABURA","OTAVALO","GONZALEZ SUAREZ",2
"313","IMBABURA","OTAVALO","OTAVALO",1
"314","IMBABURA","OTAVALO","PATAQUI",1
"315","IMBABURA","OTAVALO","SAN JOSE DE QUICHINCHE",23
"316","IMBABURA","OTAVALO","SAN JUAN DE ILUMAN",4
"317","IMBABURA","OTAVALO","SAN LUIS",1
"318","IMBABURA","OTAVALO","SAN PABLO",2
"319","IMBABURA","OTAVALO","SELVA ALEGRE",2
"320","IMBABURA","PIMAMPIRO","CHUGA",2
"321","IMBABURA","PIMAMPIRO","MARIANO ACOSTA",2
"322","IMBABURA","PIMAMPIRO","PIMAMPIRO",3
"323","IMBABURA","PIMAMPIRO","SAN FRANCISCO DE SIGSIPA",4
"324","IMBABURA","PIMAMPIRO","SIGSIPAMBA",2
"325","IMBABURA","SAN MIGUEL DE URCUQUI","CAHUASQUI",1
"326","IMBABURA","SAN MIGUEL DE URCUQUI","LA MERCED DE BUENOS AIRES",2
"327","IMBABURA","SAN MIGUEL DE URCUQUI","PABLO ARENAS",2
"328","IMBABURA","SAN MIGUEL DE URCUQUI","SAN BLAS",10
"329","IMBABURA","SAN MIGUEL DE URCUQUI","TUMBABIRO",8
"330","IMBABURA","SAN MIGUEL DE URCUQUI","URCUQUI",4
"331","LOJA","CALVAS","CARIAMANGA",4
"332","LOJA","CALVAS","CHILE",7
"333","LOJA","CALVAS","EL LUCERO",5
"334","LOJA","CALVAS","SAN VICENTE",4
"335","LOJA","CATAMAYO","CATAMAYO (LA TOMA)",2
"336","LOJA","CATAMAYO","EL TAMBO",5
"337","LOJA","CATAMAYO","GUAYQUICHUMA",2
"338","LOJA","CATAMAYO","SAN PEDRO DE LA BENDITA",7
"339","LOJA","CATAMAYO","San Jose",1
"340","LOJA","CELICA","CELICA",11
"341","LOJA","CELICA","CRUZPAMBA",2
"342","LOJA","CELICA","POZUL (SAN JUAN DE POZUL)",4
"343","LOJA","CELICA","SABANILLA",1
"344","LOJA","CHAGUARPAMBA","AMARILLOS",1
"345","LOJA","CHAGUARPAMBA","BUENAVISTA",2
"346","LOJA","CHAGUARPAMBA","CHAGUARPAMBA",2
"347","LOJA","ESPINDOLA","BELLAVISTA",2
"348","LOJA","ESPINDOLA","EL AIRO",1
"349","LOJA","ESPINDOLA","EL INGENIO",2
"350","LOJA","ESPINDOLA","JIMBURA",2
"351","LOJA","ESPINDOLA","SANTA TERESITA",2
"352","LOJA","GONZANAMA","CHANGAIMINA (LA LIBERTAD",5
"353","LOJA","GONZANAMA","GONZANAMA",5
"354","LOJA","GONZANAMA","NAMBACOLA",5
"355","LOJA","GONZANAMA","PURUNUMA (EGUIGUREN)",1
"356","LOJA","GONZANAMA","SACAPALCA",3
"357","LOJA","LOJA","CHUQUIRIBAMBA",1
"358","LOJA","LOJA","EL CISNE",1
"359","LOJA","LOJA","GUALEL",4
"360","LOJA","LOJA","JIMBILLA",4
"361","LOJA","LOJA","MALACATOS (VALLADOLID)",5
"362","LOJA","LOJA","QUINARA",1
"363","LOJA","LOJA","SAN LUCAS",9
"364","LOJA","LOJA","SAN SEBASTIAN",7
"365","LOJA","LOJA","SANTIAGO",2
"366","LOJA","LOJA","SUCRE",3
"367","LOJA","LOJA","TAQUIL (MIGUEL RIOFRIO)",6
"368","LOJA","LOJA","VALLE",18
"369","LOJA","LOJA","VILCABAMBA (VICTORIA)",3
"370","LOJA","LOJA","YANGANA (ARSENIO CASTILLO)",1
"371","LOJA","MACARA","GENERAL ELOY ALFARO (SAN SEBASTIAN)",1
"372","LOJA","MACARA","MACARA",5
"373","LOJA","OLMEDO","LA TINGUE",2
"374","LOJA","PALTAS","CANGONAMA",2
"375","LOJA","PALTAS","CASANGA",1
"376","LOJA","PALTAS","CATACOCHA",1
"377","LOJA","PALTAS","GUACHANAMA",4
"378","LOJA","PALTAS","LAURO GUERRERO",1
"379","LOJA","PALTAS","LOURDES",5
"380","LOJA","PALTAS","ORIANGA",2
"381","LOJA","PALTAS","YAMANA",2
"382","LOJA","PINDAL","CHAQUINAL",3
"383","LOJA","PINDAL","MILAGROS",1
"384","LOJA","PINDAL","PINDAL",5
"385","LOJA","PUYANGO","ALAMOR",8
"386","LOJA","PUYANGO","CIANO",3
"387","LOJA","PUYANGO","EL ARENAL",1
"388","LOJA","PUYANGO","EL LIMO (MARIANA DE JESUS)",3
"389","LOJA","PUYANGO","MERCADILLO",2
"390","LOJA","PUYANGO","VICENTINO",2
"391","LOJA","QUILANGA","FUNDOCHAMBA",5
"392","LOJA","QUILANGA","QUILANGA",2
"393","LOJA","QUILANGA","SAN ANTONIO DE LAS ARADAS",3
"394","LOJA","SARAGURO","EL TABLON",1
"395","LOJA","SARAGURO","SAN ANTONIO DE QUMBE",3
"396","LOJA","SARAGURO","SAN PABLO DE TENTA",7
"397","LOJA","SARAGURO","SARAGURO",1
"398","LOJA","SARAGURO","SELVA ALEGRE",1
"399","LOJA","SOZORANGA","SOZORANGA",2
"400","LOJA","ZAPOTILLO","CAZADEROS",5
"401","LOJA","ZAPOTILLO","GARZAREAL",4
"402","LOJA","ZAPOTILLO","LIMONES",3
"403","LOJA","ZAPOTILLO","PALETILLAS",2
"404","LOJA","ZAPOTILLO","ZAPOTILLO",7
"405","LOS RIOS","BABA","BABA",17
"406","LOS RIOS","BABA","GUARE",14
"407","LOS RIOS","BABA","ISLA DE BEJUCAL",5
"408","LOS RIOS","BABAHOYO","BABAHOYO",1
"409","LOS RIOS","BABAHOYO","CLEMENTE BAQUERIZO",3
"410","LOS RIOS","BABAHOYO","FEBRES CORDERO (LAS JUNTAS)",3
"411","LOS RIOS","BABAHOYO","LA UNION",1
"412","LOS RIOS","BABAHOYO","PIMOCHA",5
"413","LOS RIOS","BUENA FE","PATRICIA PILAR",5
"414","LOS RIOS","MOCACHE","MOCACHE",5
"415","LOS RIOS","MONTALVO","MONTALVO",7
"416","LOS RIOS","PALENQUE","PALENQUE",7
"417","LOS RIOS","PUEBLO VIEJO","PUEBLO VIEJO",8
"418","LOS RIOS","PUEBLO VIEJO","SAN JUAN",6
"419","LOS RIOS","QUEVEDO","7 DE OCTUBRE",1
"420","LOS RIOS","QUEVEDO","LA ESPERANZA",1
"421","LOS RIOS","QUEVEDO","SAN CAMILO",2
"422","LOS RIOS","QUEVEDO","SAN CARLOS",4
"423","LOS RIOS","VALENCIA","VALENCIA",15
"424","LOS RIOS","VALENCIA","VERGEL",1
"425","LOS RIOS","VENTANAS","VENTANAS",7
"426","LOS RIOS","VENTANAS","ZAPOTAL",2
"427","LOS RIOS","VINCES","ANTONIO SOTOMAYOR",25
"428","LOS RIOS","VINCES","VINCES",37
"429","MANABI","24 DE MAYO","ARQ. SIXTO DURAN BALLEN",1
"430","MANABI","24 DE MAYO","BELLAVISTA",1
"431","MANABI","24 DE MAYO","SUCRE",2
"432","MANABI","BOLIVAR","CALCETA",4
"433","MANABI","BOLIVAR","QUIROGA",2
"434","MANABI","CHONE","BOYACA",4
"435","MANABI","CHONE","CANUTO",8
"436","MANABI","CHONE","CHIBUNGA",22
"437","MANABI","CHONE","CHONE",6
"438","MANABI","CHONE","CONVENTO",2
"439","MANABI","CHONE","ELOY ALFARO",6
"440","MANABI","CHONE","RICAURTE",11
"441","MANABI","CHONE","SAN ANTONIO",18
"442","MANABI","CHONE","Santa Rita",11
"443","MANABI","EL CARMEN","4 de Diciembre",1
"444","MANABI","EL CARMEN","EL CARMEN",13
"445","MANABI","EL CARMEN","LA BRAMADORA",1
"446","MANABI","EL CARMEN","SANTA MARÍA",1
"447","MANABI","EL CARMEN","San Pedro de Suma",8
"448","MANABI","EL CARMEN","WILFRIDO LOOR MOREIRA",13
"449","MANABI","FLAVIO ALFARO","FLAVIO ALFARO",14
"450","MANABI","FLAVIO ALFARO","SAN FRANCISCO DE NOVILLO",5
"451","MANABI","FLAVIO ALFARO","ZAPALLO",3
"452","MANABI","JAMA","JAMA",3
"453","MANABI","JIPIJAPA","PEDRO PABLO GOMEZ",1
"454","MANABI","JUNIN","JUNIN",5
"455","MANABI","MONTECRISTI","LA PILA",2
"456","MANABI","MONTECRISTI","MONTECRISTI",4
"457","MANABI","OLMEDO","OLMEDO",15
"458","MANABI","PAJAN","LASCANO",1
"459","MANABI","PEDERNALES","10 DE AGOSTO",5
"460","MANABI","PEDERNALES","ATAHUALPA",4
"461","MANABI","PEDERNALES","COJIMIES",8
"462","MANABI","PEDERNALES","PEDERNALES",9
"463","MANABI","PICHINCHA","PICHINCHA",2
"464","MANABI","PICHINCHA","SAN SEBASTIAN",3
"465","MANABI","PORTOVIEJO","ABDON CALDERON",2
"466","MANABI","PORTOVIEJO","COLON",2
"467","MANABI","PORTOVIEJO","PUEBLO NUEVO",5
"468","MANABI","PORTOVIEJO","SAN PLACIDO",2
"469","MANABI","ROCAFUERTE","ROCAFUERTE",6
"470","MANABI","SAN VICENTE","CANOA",3
"471","MANABI","SAN VICENTE","SAN VICENTE",5
"472","MANABI","SANTA ANA","LA UNION",3
"473","MANABI","SANTA ANA","SAN PABLO",2
"474","MANABI","SANTA ANA","SANTA ANA",1
"475","MANABI","SANTA ANA","SANTA ANA DE VUELTA LARGA",1
"476","MANABI","SUCRE","SAN ISIDRO",5
"477","MANABI","TOSAGUA","ANGEL PEDRO GILER",2
"478","MANABI","TOSAGUA","BACHILLERO",1
"479","MANABI","TOSAGUA","TOSAGUA",5
"480","MORONA SANTIAGO","GUALAQUIZA","BOMBOIZA",7
"481","MORONA SANTIAGO","GUALAQUIZA","EL IDEAL",1
"482","MORONA SANTIAGO","GUALAQUIZA","EL ROSARIO",1
"483","MORONA SANTIAGO","GUALAQUIZA","GUALAQUIZA",10
"484","MORONA SANTIAGO","GUALAQUIZA","MERCEDES MOLINA",4
"485","MORONA SANTIAGO","HUAMBOYA","CHIGUAZA",6
"486","MORONA SANTIAGO","LIMON INDANZA","INDANZA",2
"487","MORONA SANTIAGO","LIMON INDANZA","SAN ANTONIO",1
"488","MORONA SANTIAGO","LIMON INDANZA","YUNGANZA",1
"489","MORONA SANTIAGO","LOGROÑO","LOGROÑO",1
"490","MORONA SANTIAGO","MORONA","CUCHAENTZA",1
"491","MORONA SANTIAGO","MORONA","GENERAL PROAÑO",3
"492","MORONA SANTIAGO","MORONA","MACAS",3
"493","MORONA SANTIAGO","MORONA","RIO BLANCO",3
"494","MORONA SANTIAGO","MORONA","SAN ISIDRO",3
"495","MORONA SANTIAGO","MORONA","SEVILLA DON BOSCO",11
"496","MORONA SANTIAGO","MORONA","SINAI",6
"497","MORONA SANTIAGO","PABLO VI","PABLO VI",2
"498","MORONA SANTIAGO","PALORA","CUMANDA",2
"499","MORONA SANTIAGO","SAN JUAN BOSCO","SAN JACINTO DE WAKAMBEIS",1
"500","MORONA SANTIAGO","SAN JUAN BOSCO","SAN JUAN BOSCO",1
"501","MORONA SANTIAGO","SAN JUAN BOSCO","SANTIAGO DE PANANZA",1
"502","MORONA SANTIAGO","SANTIAGO DE MENDEZ","COPAL",4
"503","MORONA SANTIAGO","SANTIAGO DE MENDEZ","SAN FRANCISCO DE CHINIMB",2
"504","MORONA SANTIAGO","SANTIAGO DE MENDEZ","SAN LUIS DE EL ACHO",1
"505","MORONA SANTIAGO","SANTIAGO DE MENDEZ","SANTIAGO DE MENDEZ",1
"506","MORONA SANTIAGO","SANTIAGO DE MENDEZ","TAYUZA",4
"507","MORONA SANTIAGO","SUCUA","HUAMBI",1
"508","MORONA SANTIAGO","SUCUA","SANTA MARIANITA DE JESUS",1
"509","MORONA SANTIAGO","SUCUA","SUCUA",5
"510","MORONA SANTIAGO","TAISHA","TAISHA",3
"511","MORONA SANTIAGO","TIWINTZA","SANTIAGO",1
"512","NAPO","ARCHIDONA","ARCHIDONA",15
"513","NAPO","ARCHIDONA","COTUNDO",65
"514","NAPO","ARCHIDONA","SAN PABLO DE USHPAYACU",2
"515","NAPO","CARLOS JULIO AROSEMENA TOLA","CARLOS JULIO AROSEMENA TOLA",18
"516","NAPO","EL CHACO","EL CHACO",3
"517","NAPO","EL CHACO","GONZALO DIAZ DE PINEDA",4
"518","NAPO","EL CHACO","LINARES",3
"519","NAPO","EL CHACO","SANTA ROSA",5
"520","NAPO","EL CHACO","SARDINAS",5
"521","NAPO","QUIJOS","BAEZA",11
"522","NAPO","QUIJOS","COSANGA",5
"523","NAPO","QUIJOS","CUYUJA",5
"524","NAPO","QUIJOS","PAPALLACTA",16
"525","NAPO","QUIJOS","SAN FRANCISCO DE BORJA",8
"526","NAPO","QUIJOS","SUMACO",1
"527","NAPO","TENA","AHUANO",9
"528","NAPO","TENA","CHONTAPUNTA",8
"529","NAPO","TENA","PUERTO MISAHUALLI",21
"530","NAPO","TENA","PUERTO NAPO",23
"531","NAPO","TENA","TALAG",1
"532","NAPO","TENA","TENA",18
"533","ORELLANA","LA JOYA DE LOS SACHAS","3 DE NOVIEMBRE",5
"534","ORELLANA","LA JOYA DE LOS SACHAS","ENOKANQUI",7
"535","ORELLANA","LA JOYA DE LOS SACHAS","LA JOYA DE LOS SACHAS",23
"536","ORELLANA","LA JOYA DE LOS SACHAS","LAGO SAN PEDRO",13
"537","ORELLANA","LA JOYA DE LOS SACHAS","SAN CARLOS",6
"538","ORELLANA","LA JOYA DE LOS SACHAS","SAN SEBASTIAN DEL COCA",3
"539","ORELLANA","LA JOYA DE LOS SACHAS","UNIÓN MILAGREÑA",5
"540","ORELLANA","LORETO","AVILA",2
"541","ORELLANA","LORETO","LORETO",3
"542","ORELLANA","LORETO","PUERTO MURIALDO",2
"543","ORELLANA","LORETO","SAN JOSE DE DAHUANO",3
"544","ORELLANA","LORETO","SAN JOSE DE PAYAMINO",14
"545","ORELLANA","LORETO","SAN VICENTE DE HUATICOCHA",1
"546","ORELLANA","ORELLANA","DAYUMA",5
"547","ORELLANA","ORELLANA","EL DORADO",2
"548","ORELLANA","ORELLANA","EL EDÉN",6
"549","ORELLANA","ORELLANA","GARCÍA MORENO",5
"550","ORELLANA","ORELLANA","INÉS ARANGO (CAB. EN WESTERN)",7
"551","ORELLANA","ORELLANA","LA BELLEZA",14
"552","ORELLANA","ORELLANA","NUEVO PARAÍSO (CAB. EN UNIÓN)",9
"553","ORELLANA","ORELLANA","SAN JOSÉ DE GUAYUSA",4
"554","ORELLANA","ORELLANA","SAN LUIS DE AMENIA",2
"555","ORELLANA","ORELLANA","TARACOA (NUEVA ESPERANZA: YUCA)",3
"556","PASTAZA","MERA","MADRE TIERRA",5
"557","PASTAZA","MERA","MERA",2
"558","PASTAZA","PASTAZA","CANELOS",5
"559","PASTAZA","PASTAZA","DIEZ DE AGOSTO",11
"560","PASTAZA","PASTAZA","EL TRIUNFO",9
"561","PASTAZA","PASTAZA","FATIMA",5
"562","PASTAZA","PASTAZA","POMONA",2
"563","PASTAZA","PASTAZA","PUYO",9
"564","PASTAZA","PASTAZA","SIMON BOLIVAR",15
"565","PASTAZA","PASTAZA","TARQUI",4
"566","PASTAZA","PASTAZA","VERACRUZ (INDILLAMA)",15
"567","PASTAZA","SANTA CLARA","SANTA CLARA",2
"568","PICHINCHA","CAYAMBE","AYORA",33
"569","PICHINCHA","CAYAMBE","CANGAHUA",8
"570","PICHINCHA","CAYAMBE","CAYAMBE",2
"571","PICHINCHA","CAYAMBE","JUAN MONTALVO",20
"572","PICHINCHA","CAYAMBE","OLMEDO (PESILLO)",5
"573","PICHINCHA","CAYAMBE","SANTA ROSA DE CUZUBAMBA",3
"574","PICHINCHA","MEJIA","ALOAG",91
"575","PICHINCHA","MEJIA","ALOASI",17
"576","PICHINCHA","MEJIA","CUTUGLAHUA",2
"577","PICHINCHA","MEJIA","EL CHAUPI",65
"578","PICHINCHA","MEJIA","MACHACHI",147
"579","PICHINCHA","MEJIA","MANUEL CORNEJO ASTORGA",2
"580","PICHINCHA","MEJIA","TAMBILLO",61
"581","PICHINCHA","MEJIA","UYUMBICHO",5
"582","PICHINCHA","PEDRO MONCAYO","TABACUNDO",7
"583","PICHINCHA","PEDRO MONCAYO","TUPIGACHI",9
"584","PICHINCHA","PEDRO VICENTE MALDONADO","PEDRO VICENTE MALDONADO",29
"585","PICHINCHA","PUERTO QUITO","PUERTO QUITO",11
"586","PICHINCHA","QUITO","AMAGUAÑA",8
"587","PICHINCHA","QUITO","ATAHUALPA (HABASPAMBA)",12
"588","PICHINCHA","QUITO","CALACALI",4
"589","PICHINCHA","QUITO","CHECA (CHILPA)",2
"590","PICHINCHA","QUITO","CUMBAYA",1
"591","PICHINCHA","QUITO","EL QUINCHE",6
"592","PICHINCHA","QUITO","GUALEA",5
"593","PICHINCHA","QUITO","GUAYLLABAMBA",3
"594","PICHINCHA","QUITO","LLOA",42
"595","PICHINCHA","QUITO","NANEGAL",8
"596","PICHINCHA","QUITO","NANEGALITO",18
"597","PICHINCHA","QUITO","NONO",10
"598","PICHINCHA","QUITO","PACTO",12
"599","PICHINCHA","QUITO","PIFO",17
"600","PICHINCHA","QUITO","PINTAG",71
"601","PICHINCHA","QUITO","PUELLARO",1
"602","PICHINCHA","QUITO","PUEMBO",4
"603","PICHINCHA","QUITO","QUITO",2
"604","PICHINCHA","QUITO","SAN JOSE DE MINAS",2
"605","PICHINCHA","QUITO","SAN ROQUE",1
"606","PICHINCHA","QUITO","YARUQUI",3
"607","PICHINCHA","RUMIÑAHUI","COTOGCHOA",20
"608","PICHINCHA","RUMIÑAHUI","RUMIPAMBA",28
"609","PICHINCHA","RUMIÑAHUI","RUMIÑAHUI",1
"610","PICHINCHA","RUMIÑAHUI","SANGOLQUI",9
"611","PICHINCHA","SAN MIGUEL DE LOS BANCOS","MINDO",5
"612","PICHINCHA","SAN MIGUEL DE LOS BANCOS","SAN MIGUEL DE LOS BANCOS",33
"613","SANTA ELENA","SANTA ELENA","ATAHUALPA",2
"614","SANTA ELENA","SANTA ELENA","CHANDUY",2
"615","SANTA ELENA","SANTA ELENA","COLONCHE",21
"616","SANTA ELENA","SANTA ELENA","MANGLARALTO",6
"617","SANTA ELENA","SANTA ELENA","SANTA ELENA",2
"618","SANTA ELENA","SANTA ELENA","SIMON BOLIVAR",6
"619","SANTO DOMINGO DE LOS TSACHILAS","LA CONCORDIA","LA CONCORDIA",10
"620","SANTO DOMINGO DE LOS TSACHILAS","LA CONCORDIA","LA VILLEGAS",1
"621","SANTO DOMINGO DE LOS TSACHILAS","LA CONCORDIA","MONTERREY",2
"622","SANTO DOMINGO DE LOS TSACHILAS","LA CONCORDIA","PLAN PILOTO",1
"623","SANTO DOMINGO DE LOS TSACHILAS","SANTO DOMINGO","EL ESFUERZO",44
"624","SANTO DOMINGO DE LOS TSACHILAS","SANTO DOMINGO","JULIO MORENO",4
"625","SANTO DOMINGO DE LOS TSACHILAS","SANTO DOMINGO","LAS MERCEDES",55
"626","SANTO DOMINGO DE LOS TSACHILAS","SANTO DOMINGO","LUZ DE AMÉRICA",13
"627","SANTO DOMINGO DE LOS TSACHILAS","SANTO DOMINGO","NUEVO ISRRAEL",5
"628","SANTO DOMINGO DE LOS TSACHILAS","SANTO DOMINGO","PUERTO LIMÓN",18
"629","SANTO DOMINGO DE LOS TSACHILAS","SANTO DOMINGO","RIO VERDE",11
"630","SANTO DOMINGO DE LOS TSACHILAS","SANTO DOMINGO","SAN JACINTO DEL BÚA",13
"631","SANTO DOMINGO DE LOS TSACHILAS","SANTO DOMINGO","SAN JOSÉ DE ALLURIQUIN",55
"632","SANTO DOMINGO DE LOS TSACHILAS","SANTO DOMINGO","SANTA MARIA DEL TOACHI",22
"633","SANTO DOMINGO DE LOS TSACHILAS","SANTO DOMINGO","SANTO DOMINGO",27
"634","SANTO DOMINGO DE LOS TSACHILAS","SANTO DOMINGO","VALLE HERMOSO",28
"635","SUCUMBIOS","CASCALES","EL DORADO DE CASCALES",12
"636","SUCUMBIOS","CASCALES","SANTA ROSA DE SUCUMBIOS",1
"637","SUCUMBIOS","CASCALES","SEVILLA",2
"638","SUCUMBIOS","CUYABENO","AGUAS NEGRAS",1
"639","SUCUMBIOS","CUYABENO","TARAPOA",1
"640","SUCUMBIOS","GONZALO PIZARRO","EL REVENTADOR",4
"641","SUCUMBIOS","GONZALO PIZARRO","GONZALO PIZARRO",12
"642","SUCUMBIOS","GONZALO PIZARRO","LUMBAQUI",3
"643","SUCUMBIOS","GONZALO PIZARRO","PUERTO LIBRE",1
"644","SUCUMBIOS","LAGO AGRIO","EL ENO",3
"645","SUCUMBIOS","LAGO AGRIO","GENERAL FARFAN",6
"646","SUCUMBIOS","LAGO AGRIO","JAMBELI",3
"647","SUCUMBIOS","LAGO AGRIO","NUEVA LOJA",9
"648","SUCUMBIOS","LAGO AGRIO","PACAYACU",9
"649","SUCUMBIOS","LAGO AGRIO","STA. CECILIA",5
"650","SUCUMBIOS","PUTUMAYO","PALMA ROJA",2
"651","SUCUMBIOS","SHUSHUFINDI","SHUSHUFINDI",6
"652","SUCUMBIOS","SUCUMBIOS","EL PLAYON DE SAN FRANCIS",1
"653","SUCUMBIOS","SUCUMBIOS","LA SOFIA",1
"654","SUCUMBIOS","SUCUMBIOS","ROSA FLORIDA",1
"655","SUCUMBIOS","SUCUMBIOS","SANTA BARBARA",1
"656","TUNGURAHUA","AMBATO","CUNCHIBAMBA",6
"657","TUNGURAHUA","AMBATO","IZAMBA",1
"658","TUNGURAHUA","AMBATO","PASA",1
"659","TUNGURAHUA","AMBATO","PILAGUIN (PILAHUIN)",7
"660","TUNGURAHUA","AMBATO","SANTA ROSA",2
"661","TUNGURAHUA","AMBATO","UNAMUNCHO",1
"662","TUNGURAHUA","BAÑOS","RIO NEGRO",7
"663","TUNGURAHUA","CEVALLOS","CEVALLOS",1
"664","TUNGURAHUA","MOCHA","MOCHA",13
"665","TUNGURAHUA","PATATE","EL TRIUNFO",2
"666","TUNGURAHUA","PELILEO","COTALO",4
"667","TUNGURAHUA","PELILEO","GUAMBALO (HUAMBALO)",1
"668","TUNGURAHUA","PELILEO","PELILEO",4
"669","TUNGURAHUA","QUERO","QUERO",8
"670","TUNGURAHUA","QUERO","RUMIPAMBA",1
"671","TUNGURAHUA","QUERO","YANAYACU - MOCHAPATA",3
"672","TUNGURAHUA","SANTIAGO DE PILLARO","BAQUERIZO MORENO",5
"673","TUNGURAHUA","SANTIAGO DE PILLARO","MARCOS ESPINEL (CHACATA)",12
"674","TUNGURAHUA","SANTIAGO DE PILLARO","PILLARO",21
"675","TUNGURAHUA","SANTIAGO DE PILLARO","PRESIDENTE URBINA",1
"676","TUNGURAHUA","SANTIAGO DE PILLARO","SAN ANDRES",6
"677","TUNGURAHUA","SANTIAGO DE PILLARO","SAN JOSE DE POALO",10
"678","TUNGURAHUA","TISALEO","QUINCHICOTO",2
"679","TUNGURAHUA","TISALEO","TISALEO",4
"680","ZAMORA CHINCHIPE","CENTINELA DEL CONDOR","CENTINELA DEL CONDOR",1
"681","ZAMORA CHINCHIPE","CENTINELA DEL CONDOR","PANGUINTZA",3
"682","ZAMORA CHINCHIPE","CENTINELA DEL CONDOR","ZUMBI",17
"683","ZAMORA CHINCHIPE","CHINCHIPE","CHITO",6
"684","ZAMORA CHINCHIPE","CHINCHIPE","LA CHONTA",1
"685","ZAMORA CHINCHIPE","CHINCHIPE","PUCAPAMBA",2
"686","ZAMORA CHINCHIPE","CHINCHIPE","ZUMBA",42
"687","ZAMORA CHINCHIPE","EL PANGUI","EL GUISMI",10
"688","ZAMORA CHINCHIPE","EL PANGUI","EL PANGUI",11
"689","ZAMORA CHINCHIPE","EL PANGUI","PACHICUTZA",3
"690","ZAMORA CHINCHIPE","NANGARITZA","GUAYZIMI",8
"691","ZAMORA CHINCHIPE","NANGARITZA","ZURMI",1
"692","ZAMORA CHINCHIPE","PALANDA","EL PORVENIR DEL CARMEN",7
"693","ZAMORA CHINCHIPE","PALANDA","LA CANELA",1
"694","ZAMORA CHINCHIPE","PALANDA","PALANDA",20
"695","ZAMORA CHINCHIPE","PALANDA","SAN FRANCISCO DE VERGEL",7
"696","ZAMORA CHINCHIPE","PALANDA","VALLADOLID",12
"697","ZAMORA CHINCHIPE","PAQUISHA","PAQUISHA",1
"698","ZAMORA CHINCHIPE","YACUAMBI","28 DE MAYO",6
"699","ZAMORA CHINCHIPE","YACUAMBI","LA PAZ",10
"700","ZAMORA CHINCHIPE","YANTZAZA","CHICAÑA",12
"701","ZAMORA CHINCHIPE","YANTZAZA","LOS ENCUENTROS",4
"702","ZAMORA CHINCHIPE","YANTZAZA","YANZATZA",16
"703","ZAMORA CHINCHIPE","ZAMORA","CUMBARATZA",10
"704","ZAMORA CHINCHIPE","ZAMORA","EL LIMON",3
"705","ZAMORA CHINCHIPE","ZAMORA","GUADALUPE",14
"706","ZAMORA CHINCHIPE","ZAMORA","IMBANA",1
"707","ZAMORA CHINCHIPE","ZAMORA","SABANILLA",11
"708","ZAMORA CHINCHIPE","ZAMORA","SAN CARLOS DE LAS MINAS",6
"709","ZAMORA CHINCHIPE","ZAMORA","TIMBARA",10
"710","ZAMORA CHINCHIPE","ZAMORA","ZAMORA",3
